thr,TP,FP,TN,FN,Precision,Recall,F1,Specificity,N,Pos,Neg
0.5,535,1566,1841,57,0.2546406473108044,0.9037162162162162,0.39732640178239886,0.5403580862929264,3999,592,3407
