thr,TP,FP,TN,FN,Precision,Recall,F1,Specificity,N,Pos,Neg
0.7355,367,420,2987,225,0.4663278271918678,0.6199324324324325,0.5322697606961566,0.8767243909597887,3999,592,3407
