{
  "pred_path": "/content/drive/MyDrive/Chemoinfo_QT/reports_external_confusions_manual/predictions_external_M2M4_cvpr.csv",
  "metrics_at_thr0.5": {
    "AUROC": 0.8400072089259792,
    "AUPRC": 0.44064149552255333,
    "thr_for_confusion": 0.5,
    "F1": 0.39732640178239886,
    "Precision": 0.2546406473108044,
    "Recall": 0.9037162162162162,
    "Specificity": 0.5403580862929264,
    "TP": 535,
    "FP": 1566,
    "TN": 1841,
    "FN": 57,
    "N": 3999,
    "Pos": 592,
    "Neg": 3407
  },
  "metrics_at_thr_fixed": {
    "AUROC": 0.8400072089259792,
    "AUPRC": 0.44064149552255333,
    "thr_for_confusion": 0.5455,
    "F1": 0.4276885043263288,
    "Precision": 0.28283378746594007,
    "Recall": 0.8766891891891891,
    "Specificity": 0.6137364250073378,
    "TP": 519,
    "FP": 1316,
    "TN": 2091,
    "FN": 73,
    "N": 3999,
    "Pos": 592,
    "Neg": 3407
  },
  "metrics_at_thr_ranking": {
    "AUROC": 0.8400072089259792,
    "AUPRC": 0.44064149552255333,
    "thr_for_confusion": 0.6471420526504517,
    "F1": 0.4994547437295529,
    "Precision": 0.3687600644122383,
    "Recall": 0.7736486486486487,
    "Specificity": 0.7698855297916055,
    "TP": 458,
    "FP": 784,
    "TN": 2623,
    "FN": 134,
    "N": 3999,
    "Pos": 592,
    "Neg": 3407
  },
  "metrics_at_thr_bestF1": {
    "AUROC": 0.8400072089259792,
    "AUPRC": 0.44064149552255333,
    "thr_for_confusion": 0.7355,
    "F1": 0.5322697606961566,
    "Precision": 0.4663278271918678,
    "Recall": 0.6199324324324325,
    "Specificity": 0.8767243909597887,
    "TP": 367,
    "FP": 420,
    "TN": 2987,
    "FN": 225,
    "N": 3999,
    "Pos": 592,
    "Neg": 3407
  },
  "bestthr_ranking": 0.6471420526504517,
  "bestthr_external_bestF1": 0.7355
}