Scenario,TP,FP,TN,FN,Precision_pos,Recall_pos,Specificity,NPV,Accuracy,F1_pos,Definition
RED_only,63,48,1228,344,0.5675675675675675,0.1547911547911548,0.9623824451410659,0.7811704834605598,0.7670825906120023,0.24324324324324326,Predict positive = RED only
YELLOW_or_RED,382,840,436,25,0.31260229132569556,0.9385749385749386,0.34169278996865204,0.9457700650759219,0.4860368389780155,0.468999386126458,Predict positive = (YELLOW or RED)
