n,n_pos,n_neg,threshold,roc_auc,pr_auc,precision,recall,specificity,f1,tp,tn,fp,fn,analysis_set
3999,592,3407,0.5,0.8400072089259792,0.44064149552255333,0.2546406473108044,0.9037162162162162,0.5403580862929264,0.3973264017823988,535,1841,1566,57,external_original_thr0.5
3999,592,3407,0.73488605,0.8400072089259792,0.44064149552255333,0.46582278481012657,0.6216216216216216,0.8761373642500734,0.532561505065123,368,2985,422,224,external_original_thr_bestF1
1683,407,1276,0.5,0.7943358006053931,0.49002172425935575,0.32751091703056767,0.9213759213759214,0.39655172413793105,0.4832474226804124,375,506,770,32,external_strict_thr0.5
1683,407,1276,0.73558605,0.7943358006053931,0.49002172425935575,0.5174418604651163,0.6560196560196561,0.804858934169279,0.5785482123510293,267,1027,249,140,external_strict_thr_bestF1
